{
  "fold": 1,
  "best_epoch": 13,
  "model_kind": "residual",
  "accuracy": 0.7124463519313304,
  "balanced_accuracy": 0.3914146933819065,
  "macro_f1": 0.3555531201768085,
  "weighted_f1": 0.7476839567713479,
  "min_class_f1": 0.0,
  "calibrated_accuracy": 0.7124463519313304,
  "calibrated_balanced_accuracy": 0.3914146933819065,
  "calibrated_macro_f1": 0.3555531201768085,
  "calibrated_weighted_f1": 0.7476839567713479,
  "calibrated_min_class_f1": 0.0
}