{
  "fold": 5,
  "best_epoch": 16,
  "model_kind": "stagewise_v41",
  "accuracy": 0.5993690851735016,
  "balanced_accuracy": 0.2684370891518317,
  "macro_f1": 0.2732979664014147,
  "weighted_f1": 0.5622027769177774,
  "min_class_f1": 0.08333333333333333,
  "calibrated_accuracy": 0.48580441640378547,
  "calibrated_balanced_accuracy": 0.27679040969335184,
  "calibrated_macro_f1": 0.2569518975627486,
  "calibrated_weighted_f1": 0.5201373256798648,
  "calibrated_min_class_f1": 0.06896551724137931
}