{
  "accuracy": 0.8363636363636363,
  "balanced_accuracy": 0.22682850918145037,
  "macro_f1": 0.22282828282828282,
  "weighted_f1": 0.8007851239669422,
  "min_class_f1": 0.0
}