{
  "v4a": {
    "accuracy": 0.6293385723641126,
    "balanced_accuracy": 0.2799928518406801,
    "macro_f1": 0.2605649137125972,
    "weighted_f1": 0.6517468309499801,
    "min_class_f1": 0.021739130434782608
  },
  "v4b": {
    "accuracy": 0.6994106090373281,
    "balanced_accuracy": 0.31342195986577964,
    "macro_f1": 0.31499700215196297,
    "weighted_f1": 0.6940148303892392,
    "min_class_f1": 0.11904761904761904
  },
  "v4c": {
    "accuracy": 0.6529142108709889,
    "balanced_accuracy": 0.286296042553028,
    "macro_f1": 0.27768629385967564,
    "weighted_f1": 0.6659798882120641,
    "min_class_f1": 0.037037037037037035
  },
  "v4d": {
    "accuracy": 0.6882776686313032,
    "balanced_accuracy": 0.30274740770414604,
    "macro_f1": 0.29880715644567596,
    "weighted_f1": 0.6851793785184309,
    "min_class_f1": 0.07692307692307693
  }
}