{
  "fold": 5,
  "best_epoch": 16,
  "accuracy": 0.6295081967213115,
  "macro_f1": 0.27609018101934735,
  "weighted_f1": 0.6496690983968105,
  "loss": 5.959587025642395
}