{
  "accuracy": 0.771978021978022,
  "balanced_accuracy": 0.2062160062160062,
  "macro_f1": 0.1925568181818182,
  "weighted_f1": 0.6940356518481519,
  "min_class_f1": 0.0
}