{
  "fold": 5,
  "best_epoch": 13,
  "model_kind": "stagewise_v41",
  "accuracy": 0.526813880126183,
  "balanced_accuracy": 0.27187888640159186,
  "macro_f1": 0.2660671376815955,
  "weighted_f1": 0.5374040536383283,
  "min_class_f1": 0.07692307692307693,
  "calibrated_accuracy": 0.5962145110410094,
  "calibrated_balanced_accuracy": 0.28152249227161286,
  "calibrated_macro_f1": 0.27532981172964915,
  "calibrated_weighted_f1": 0.5819905624634794,
  "calibrated_min_class_f1": 0.0
}