{
  "fold": 5,
  "model_type": "mlp",
  "accuracy": 0.6056782334384858,
  "balanced_accuracy": 0.32461580144263225,
  "macro_f1": 0.31181903915965153,
  "weighted_f1": 0.6253266737613273,
  "min_class_f1": 0.09302325581395349
}