{
  "fold": 3,
  "best_epoch": 1,
  "model_kind": "stagewise_v4",
  "tabular_teacher_macro_f1": 0.28943241943241943,
  "accuracy": 0.7772727272727272,
  "balanced_accuracy": 0.2773109243697479,
  "macro_f1": 0.2375837066457304,
  "weighted_f1": 0.7820092114046763,
  "min_class_f1": 0.0,
  "calibrated_accuracy": 0.7727272727272727,
  "calibrated_balanced_accuracy": 0.2334267040149393,
  "calibrated_macro_f1": 0.23314285714285715,
  "calibrated_weighted_f1": 0.778077922077922,
  "calibrated_min_class_f1": 0.0
}