{
  "accuracy": 0.8227272727272728,
  "balanced_accuracy": 0.2939931528166822,
  "macro_f1": 0.28943241943241943,
  "weighted_f1": 0.8191942148760331,
  "min_class_f1": 0.0
}