{
  "fold": 1,
  "best_epoch": 13,
  "accuracy": 0.7320261437908496,
  "macro_f1": 0.22834285714285713,
  "weighted_f1": 0.6891353874883287,
  "loss": 6.042882442474365
}