{
  "accuracy": 0.6593059936908517,
  "balanced_accuracy": 0.2674408378637672,
  "macro_f1": 0.2603294117647059,
  "weighted_f1": 0.6124238263128596,
  "min_class_f1": 0.0
}