{
  "fold": 1,
  "best_epoch": 6,
  "model_kind": "stagewise_v4",
  "tabular_teacher_macro_f1": 0.32349121466768527,
  "accuracy": 0.6909871244635193,
  "balanced_accuracy": 0.2517304189435337,
  "macro_f1": 0.23918732782369148,
  "weighted_f1": 0.688224913985741,
  "min_class_f1": 0.0,
  "calibrated_accuracy": 0.7854077253218884,
  "calibrated_balanced_accuracy": 0.21894353369763206,
  "calibrated_macro_f1": 0.21197339246119734,
  "calibrated_weighted_f1": 0.7106953551002541,
  "calibrated_min_class_f1": 0.0
}