{
  "accuracy": 0.759656652360515,
  "balanced_accuracy": 0.3096235579842137,
  "macro_f1": 0.32349121466768527,
  "weighted_f1": 0.74830818008046,
  "min_class_f1": 0.0
}