{
  "fold": 5,
  "best_epoch": 20,
  "model_kind": "residual_v3",
  "tabular_anchor_macro_f1": 0.3000236824909644,
  "accuracy": 0.6845425867507886,
  "balanced_accuracy": 0.31415582915822765,
  "macro_f1": 0.33065730565730567,
  "weighted_f1": 0.6529093788557511,
  "min_class_f1": 0.07407407407407407,
  "val_zero_history_macro_f1": 0.2798406183758147,
  "val_zero_history_accuracy": 0.5930599369085173,
  "calibrated_accuracy": 0.694006309148265,
  "calibrated_balanced_accuracy": 0.3432212273034147,
  "calibrated_macro_f1": 0.3507862039816273,
  "calibrated_weighted_f1": 0.675593582152411,
  "calibrated_min_class_f1": 0.09523809523809523
}