{
  "accuracy": 0.6719242902208202,
  "balanced_accuracy": 0.29465897381231565,
  "macro_f1": 0.3000236824909644,
  "weighted_f1": 0.6450550599311726,
  "min_class_f1": 0.06896551724137931
}