{
  "fold": 3,
  "best_epoch": 8,
  "model_kind": "residual",
  "accuracy": 0.6545454545454545,
  "balanced_accuracy": 0.39660753190164955,
  "macro_f1": 0.3162160302717578,
  "weighted_f1": 0.724019451480752,
  "min_class_f1": 0.0,
  "calibrated_accuracy": 0.6545454545454545,
  "calibrated_balanced_accuracy": 0.39660753190164955,
  "calibrated_macro_f1": 0.3162160302717578,
  "calibrated_weighted_f1": 0.724019451480752,
  "calibrated_min_class_f1": 0.0
}