{
  "fold": 3,
  "best_epoch": 9,
  "accuracy": 0.6950819672131148,
  "macro_f1": 0.19064242424242422,
  "weighted_f1": 0.6530257327372082,
  "loss": 7.267446744441986
}