{
  "accuracy": 0.7633587786259542,
  "balanced_accuracy": 0.23675703882919424,
  "macro_f1": 0.2417897766369288,
  "weighted_f1": 0.683417865504332,
  "min_class_f1": 0.0
}