{
  "fold": 2,
  "best_epoch": 7,
  "accuracy": 0.6601307189542484,
  "macro_f1": 0.2219047619047619,
  "weighted_f1": 0.6553221288515406,
  "loss": 5.205134391784668
}