{
  "w_tab": 0.8,
  "w_res": 0.19999999999999996,
  "bias": [
    0.0,
    -0.5,
    0.0,
    0.5,
    0.5
  ],
  "accuracy": 0.7314996725605762,
  "balanced_accuracy": 0.3813153691557507,
  "macro_f1": 0.35837909158539905,
  "weighted_f1": 0.7416194779265292,
  "min_class_f1": 0.11428571428571428
}