fold,accuracy,balanced_accuracy,macro_f1,weighted_f1,min_class_f1
1,0.7811158798283262,0.2052216150576806,0.18863599677159,0.6961456525579608,0.0
2,0.7633587786259542,0.23675703882919424,0.2417897766369288,0.683417865504332,0.0
3,0.8363636363636363,0.22682850918145037,0.22282828282828282,0.8007851239669422,0.0
4,0.771978021978022,0.2062160062160062,0.1925568181818182,0.6940356518481519,0.0
5,0.6593059936908517,0.2674408378637672,0.2603294117647059,0.6124238263128596,0.0
