{
  "accuracy": 0.7811158798283262,
  "balanced_accuracy": 0.2052216150576806,
  "macro_f1": 0.18863599677159,
  "weighted_f1": 0.6961456525579608,
  "min_class_f1": 0.0
}