{
  "fold": 4,
  "best_epoch": 13,
  "model_kind": "residual_v3",
  "tabular_anchor_macro_f1": 0.2302182049470868,
  "accuracy": 0.7637362637362637,
  "balanced_accuracy": 0.24852369852369854,
  "macro_f1": 0.2421063537342607,
  "weighted_f1": 0.7274337648730697,
  "min_class_f1": 0.0,
  "val_zero_history_macro_f1": 0.20856484618511995,
  "val_zero_history_accuracy": 0.7637362637362637,
  "calibrated_accuracy": 0.782967032967033,
  "calibrated_balanced_accuracy": 0.2693861693861694,
  "calibrated_macro_f1": 0.2723510699826489,
  "calibrated_weighted_f1": 0.7431181239235028,
  "calibrated_min_class_f1": 0.0
}