{
  "accuracy": 0.7335164835164835,
  "balanced_accuracy": 0.235975135975136,
  "macro_f1": 0.2302182049470868,
  "weighted_f1": 0.7137806611375589,
  "min_class_f1": 0.0
}