{
  "fold": 4,
  "best_epoch": 16,
  "accuracy": 0.7147540983606557,
  "macro_f1": 0.21055173246408304,
  "weighted_f1": 0.6686201047771161,
  "loss": 7.633617897127988
}