fold,best_epoch,accuracy,macro_f1,weighted_f1,loss
1,13,0.7320261437908496,0.22834285714285713,0.6891353874883287,6.042882442474365
2,7,0.6601307189542484,0.2219047619047619,0.6553221288515406,5.205134391784668
3,9,0.6950819672131148,0.19064242424242422,0.6530257327372082,7.267446744441986
4,16,0.7147540983606557,0.21055173246408304,0.6686201047771161,7.633617897127988
5,16,0.6295081967213115,0.27609018101934735,0.6496690983968105,5.959587025642395
