{
  "fold": 2,
  "best_epoch": 4,
  "model_kind": "stagewise_v4",
  "tabular_teacher_macro_f1": 0.3401084413242374,
  "accuracy": 0.5699745547073791,
  "balanced_accuracy": 0.3140518038852914,
  "macro_f1": 0.276372403242763,
  "weighted_f1": 0.625627217366507,
  "min_class_f1": 0.0,
  "calibrated_accuracy": 0.6259541984732825,
  "calibrated_balanced_accuracy": 0.26732133115111834,
  "calibrated_macro_f1": 0.2589118817989515,
  "calibrated_weighted_f1": 0.636700353738603,
  "calibrated_min_class_f1": 0.08695652173913043
}