{
  "accuracy": 0.7506361323155216,
  "balanced_accuracy": 0.3387886335064873,
  "macro_f1": 0.3401084413242374,
  "weighted_f1": 0.7311135504919943,
  "min_class_f1": 0.0
}